Order,DC-WH,Customer,SCTN,Invoice,Route,Lines,Cases,Weight,Cube
30642,24-24,17120,GRO,5750954,6001,2,18,408,14.25
30279,24-24,19339,GRO,5751207,5002-,155,156,2124.49,82.46
30280,24-24,19339,GRO,5751208,5002-,2,2,9.27,0.682
30281,24-24,19339,GRO,5751209,5002-,2,2,13.2,9.008
30279,24-24,19339,,5751207,5002-,1,58,667.04,24.248
30280,24-24,19339,,5751208,5002-,1,7,29.36,1.637
30552,24-24,39024,,5751659,5002-,7,2,1.5,0.113
30553,24-24,39062,,5751660,5002-,6,11,6.93,0.291
30563,24-24,39266,,5751670,5002-,3,25,15.67,0.73
30574,24-24,39450,,5751681,5002-,5,20,11.33,0.478
30578,24-24,39576,,5751685,5002-,8,19,13.12,0.767
30581,24-24,39612,,5751688,5002-,2,39,24.91,1.321
30587,24-24,39830,,5751694,5002-,4,18,10.46,0.535
30564,24-24,39271,,5751671,5003-,5,11,6.31,0.313
30566,24-24,39358,,5751673,5003-,6,8,4.42,0.213
30573,24-24,39446,,5751680,5003-,4,11,6.31,0.212
30580,24-24,39600,,5751687,5003-,2,28,12.03,0.748
30584,24-24,39754,,5751691,5003-,3,7,4.52,0.283
30555,24-24,39088,,5751662,5004-,3,13,8.81,0.82
30559,24-24,39112,,5751666,5004-,6,15,6.63,0.203
30561,24-24,39172,,5751668,5004-,7,24,12.3,0.545
30570,24-24,39390,,5751677,5004-,2,38,27.77,1.928
30575,24-24,39500,,5751682,5004-,4,6,3.97,0.164
30583,24-24,39726,,5751690,5004-,8,81,49.57,2.051
30591,24-24,39924,,5751698,5004-,1,4,2.55,0.133
30592,24-24,39944,,5751699,5004-,5,26,15.76,0.707
30551,24-24,39022,,5751658,5005-,7,16,9.61,0.434
30558,24-24,39102,,5751665,5005-,9,39,20.79,1.001
30560,24-24,39118,,5751667,5005-,8,22,14.54,0.987
30565,24-24,39328,,5751672,5005-,4,14,10.57,0.894
30571,24-24,39392,,5751678,5005-,2,24,14.38,1.143
30572,24-24,39424,,5751679,5005-,5,42,24.91,1.554
30579,24-24,39584,,5751686,5005-,10,35,21.11,1.066
30585,24-24,39800,,5751692,5005-,1,17,11.53,0.745
30586,24-24,39802,,5751693,5005-,6,27,15.2,0.772
30590,24-24,39902,,5751697,5005-,3,18,11.08,0.686
30170,24-24,18542,GRO,5751035,5006-,114,147,2651.97,95.153
30229,24-24,18845,GRO,5751114,5006-,131,297,7153.43,222.267
30270,24-24,19293,GRO,5751193,5006-,1,1,3.49,0.423
30283,24-24,19365,GRO,5751213,5006-,1,1,5.46,0.41
30055,24-24,3015,,5750841,5006-,6,1,13.21,0.902
30170,24-24,18542,,5751035,5006-,1,21,869.47,36.88
30171,24-24,18542,,5751037,5006-,1,12,8.15,0.439
30229,24-24,18845,,5751114,5006-,2,55,1193.8,48.964
30230,24-24,18845,,5751115,5006-,2,3,13.54,0.729
30270,24-24,19293,,5751193,5006-,3,1,18.56,0.748
30282,24-24,19364,,5751212,5006-,4,1,8.5,0.508
30554,24-24,39064,,5751661,5007-,8,8,4.71,0.262
30556,24-24,39090,,5751663,5007-,5,3,1.99,0.107
30568,24-24,39386,,5751675,5007-,2,13,7.49,0.456
30569,24-24,39388,,5751676,5007-,6,37,23.81,1.455
30576,24-24,39518,,5751683,5007-,3,10,6.04,0.228
30577,24-24,39566,,5751684,5007-,1,22,14.18,0.676
30582,24-24,39640,,5751689,5007-,7,19,13.22,1.158
30588,24-24,39854,,5751695,5007-,9,33,22.62,1.514
30617,24-24,64258,,5751724,5007-,4,6,3.97,0.195
30557,24-24,39092,,5751664,5008-,6,13,8.45,0.548
30562,24-24,39208,,5751669,5008-,7,11,7.52,0.339
30593,24-24,39972,,5751700,5008-,5,5,2.65,0.183
30600,24-24,63887,,5751707,5008-,2,10,6.7,0.397
30601,24-24,63889,,5751708,5008-,3,2,1.26,0.071
30603,24-24,63891,,5751710,5008-,1,3,1.88,0.1
30616,24-24,64232,,5751723,5008-,4,22,12.99,0.618
30070,24-24,16190,GRO,5750865,5009-,12,164,2277.02,146.307
30071,24-24,16190,GRO,5750866,5009-,1,780,21918,562.38
30070,24-24,16190,,5750865,5009-,2,19,128.81,4.778
30567,24-24,39372,,5751674,5009-,1,10,5.72,0.12
30621,24-24,18520,GRO,5750998,5010-,5,18,378.71,51.549
30622,24-24,18520,GRO,5750999,5010-,6,318,9196.34,241.418
30644,24-24,18520,GRO,5751000,5010-,331,377,5111.71,236.712
30645,24-24,18520,GRO,5751001,5010-,33,53,1221.09,40.611
30195,24-24,18594,GRO,5751068,5010-,190,240,4789.33,171.412
30196,24-24,18594,GRO,5751069,5010-,5,160,4462.96,114.309
30197,24-24,18594,GRO,5751070,5010-,6,6,27.96,1.676
30198,24-24,18594,GRO,5751071,5010-,3,7,122.18,8.97
30208,24-24,18596,GRO,5751086,5010-,190,269,5059.55,223.693
30209,24-24,18596,GRO,5751087,5010-,7,7,55.55,3.015
30210,24-24,18596,GRO,5751088,5010-,10,17,279.13,22.99
30235,24-24,18991,GRO,5751131,5010-,240,297,6417.23,204.56
30236,24-24,18991,GRO,5751132,5010-,131,231,4374.18,180.615
30237,24-24,18991,GRO,5751133,5010-,10,10,58.43,2.762
30621,24-24,18520,,5750998,5010-,4,4,676,26.096
30622,24-24,18520,,5750999,5010-,4,4,191.75,8.053
30644,24-24,18520,,5751000,5010-,4,121,952.42,45.764
30645,24-24,18520,,5751001,5010-,4,12,89.98,4.301
30195,24-24,18594,,5751068,5010-,6,73,1190.68,81.517
30196,24-24,18594,,5751069,5010-,6,1,13.72,0.601
30197,24-24,18594,,5751070,5010-,6,9,38.33,2.01
30208,24-24,18596,,5751086,5010-,5,58,619.18,26.103
30209,24-24,18596,,5751087,5010-,5,5,22.33,0.924
30210,24-24,18596,,5751088,5010-,5,1,16.75,2.301
30211,24-24,18596,,5751091,5010-,5,1,0.77,0.055
30235,24-24,18991,,5751131,5010-,3,94,2031.57,76.584
30236,24-24,18991,,5751132,5010-,3,60,576.79,31.18
30237,24-24,18991,,5751133,5010-,3,7,33.35,1.71
30605,24-24,63895,,5751712,5010-,1,4,2.59,0.129
30606,24-24,63896,,5751713,5010-,2,1,0.62,0.028
30134,24-24,18440,GRO,5750977,5011-,13,20,527.6,12.357
30134,24-24,18440,,5750977,5011-,1,2,34.35,1.258
30589,24-24,39890,,5751696,5011-,2,13,7.23,0.591
30594,24-24,63876,,5751701,5011-,4,3,2.08,0.111
30595,24-24,63878,,5751702,5011-,5,2,1.23,0.056
30596,24-24,63882,,5751703,5011-,6,2,0.64,0.071
30597,24-24,63884,,5751704,5011-,7,7,4.63,0.251
30598,24-24,63885,,5751705,5011-,9,1,0.73,0.028
30599,24-24,63886,,5751706,5011-,8,3,1.93,0.105
30602,24-24,63890,,5751709,5011-,3,1,0.7,0.056
30056,24-24,16146,GRO,5750843,5012-,99,253,7128.28,232.87
30057,24-24,16146,GRO,5750844,5012-,77,163,3605.83,103.333
30058,24-24,16146,GRO,5750845,5012-,1,2,5.2,0.378
30292,24-24,25415,GRO,5751240,5012-,58,238,4957.73,145.844
30293,24-24,25415,GRO,5751241,5012-,9,56,804.28,22.989
30356,24-24,26359,GRO,5751336,5012-,138,246,6018.47,223.955
30364,24-24,26434,GRO,5751345,5012-,3,386,2212.22,80.82
30056,24-24,16146,,5750843,5012-,3,62,1069.41,44.966
30057,24-24,16146,,5750844,5012-,3,21,437.79,17.232
30292,24-24,25415,,5751240,5012-,1,256,2947.97,126.413
30293,24-24,25415,,5751241,5012-,1,23,224,6.555
30356,24-24,26359,,5751336,5012-,2,62,1159.21,52.685
30242,24-24,19080,GRO,5751151,5013-,246,282,5620.9,209.884
30243,24-24,19080,GRO,5751152,5013-,136,361,9047.24,279.377
30244,24-24,19080,GRO,5751153,5013-,6,6,93.97,3.689
30245,24-24,19080,GRO,5751154,5013-,5,5,24.48,0.909
30401,24-24,31013,GRO,5751397,5013-,233,304,3476.69,240.705
30402,24-24,31013,GRO,5751398,5013-,168,208,2875.07,118.515
30403,24-24,31013,GRO,5751399,5013-,1,390,11076,281.19
30404,24-24,31013,GRO,5751400,5013-,276,340,5783.63,226.077
30405,24-24,31013,GRO,5751401,5013-,13,14,115.69,5.279
30242,24-24,19080,,5751151,5013-,1,136,2317.33,72.112
30243,24-24,19080,,5751152,5013-,1,40,646.4,20.539
30244,24-24,19080,,5751153,5013-,1,5,136.78,3.72
30245,24-24,19080,,5751154,5013-,1,3,14.87,0.552
30401,24-24,31013,,5751397,5013-,2,58,736.32,38.286
30402,24-24,31013,,5751398,5013-,2,47,597.63,27.163
30404,24-24,31013,,5751400,5013-,2,70,803.73,32.33
30405,24-24,31013,,5751401,5013-,2,8,48.31,3.054
30435,24-24,31059,GRO,5751441,5014-,117,162,3197.15,94.883
30436,24-24,31059,GRO,5751442,5014-,1,780,21918,562.38
30437,24-24,31059,GRO,5751443,5014-,199,329,4788.11,241.639
30438,24-24,31059,GRO,5751444,5014-,219,280,5153.45,173.713
30439,24-24,31059,GRO,5751445,5014-,20,57,2123.4,53.548
30440,24-24,31059,GRO,5751446,5014-,5,5,46.26,1.795
30435,24-24,31059,,5751441,5014-,10,28,436.77,14.17
30437,24-24,31059,,5751443,5014-,10,63,888.15,39.551
30438,24-24,31059,,5751444,5014-,10,73,2635.02,97.273
30439,24-24,31059,,5751445,5014-,10,3,17.72,1.959
30440,24-24,31059,,5751446,5014-,10,6,32.09,2.043
30441,24-24,31059,,5751447,5014-,10,1,7.23,0.341
30607,24-24,64025,,5751714,5014-,7,34,20.41,1.078
30608,24-24,64026,,5751715,5014-,5,58,36.47,2.167
30609,24-24,64086,,5751716,5014-,3,28,18.2,0.78
30610,24-24,64096,,5751717,5014-,2,25,16.14,0.844
30611,24-24,64098,,5751718,5014-,9,21,10.37,0.651
30612,24-24,64112,,5751719,5014-,8,20,11.81,0.677
30613,24-24,64113,,5751720,5014-,6,15,10.65,0.78
30614,24-24,64151,,5751721,5014-,4,18,12.6,0.846
30615,24-24,64152,,5751722,5014-,1,43,16.15,1.035
30631,24-24,19157,GRO,5751178,5015-,1,200,4960,118.4
30357,24-24,26394,GRO,5751338,5015-,1,108,1645.92,49.464
30358,24-24,26394,GRO,5751339,5015-,1,756,11597.04,338.688
30359,24-24,26394,GRO,5751340,5015-,1,432,6570.72,192.24
30360,24-24,26394,GRO,5751341,5015-,1,324,4918.32,146.124
30361,24-24,26394,GRO,5751342,5015-,2,660,3606,229.74
30362,24-24,26394,GRO,5751343,5015-,2,504,8253,224.064
30363,24-24,26394,GRO,5751344,5015-,1,180,3259.8,67.68
30631,24-24,19157,,5751178,5015-,1,25,357.25,25.2
30074,24-24,16236,GRO,5750871,5016-,375,440,5986.4,230.139
30075,24-24,16236,GRO,5750872,5016-,102,117,1589.15,62.617
30076,24-24,16236,GRO,5750873,5016-,13,13,92.13,4.922
30305,24-24,26012,GRO,5751258,5016-,54,302,7571.15,212.642
30328,24-24,26234,GRO,5751292,5016-,360,435,6700.23,253.883
30329,24-24,26234,GRO,5751293,5016-,165,194,3185.11,110.489
30330,24-24,26234,GRO,5751294,5016-,18,18,116.07,6.285
30340,24-24,26249,GRO,5751311,5016-,230,303,5783.69,210.402
30341,24-24,26249,GRO,5751312,5016-,27,44,221.81,8.588
30392,24-24,30097,GRO,5751384,5016-,96,119,2073.93,72.619
30074,24-24,16236,,5750871,5016-,2,121,1492.54,51.139
30075,24-24,16236,,5750872,5016-,2,47,654.57,20.639
30076,24-24,16236,,5750873,5016-,2,1,6.29,0.215
30305,24-24,26012,,5751258,5016-,3,8,104.02,6.584
30328,24-24,26234,,5751292,5016-,4,43,447.1,19.869
30329,24-24,26234,,5751293,5016-,4,21,329.6,10.049
30330,24-24,26234,,5751294,5016-,4,7,41.3,1.744
30340,24-24,26249,,5751311,5016-,1,64,656.95,28.991
30341,24-24,26249,,5751312,5016-,1,3,8.95,0.367
30392,24-24,30097,,5751384,5016-,6,6,105.62,2.642
30271,24-24,19300,GRO,5751194,5017-,123,157,3019.5,131.396
30272,24-24,19300,GRO,5751195,5017-,267,378,7489.9,244.959
30273,24-24,19300,GRO,5751196,5017-,148,173,2725.13,138.426
30274,24-24,19300,GRO,5751197,5017-,8,10,79.82,3.163
30275,24-24,19300,GRO,5751198,5017-,2,11,209.97,15.881
30397,24-24,31012,GRO,5751392,5017-,92,292,5125.88,278.129
30398,24-24,31012,GRO,5751393,5017-,1,390,11076,281.19
30399,24-24,31012,GRO,5751394,5017-,3,7,189.14,7.363
30400,24-24,31012,GRO,5751395,5017-,2,6,123.9,4.05
30271,24-24,19300,,5751194,5017-,1,61,3878.53,147.697
30272,24-24,19300,,5751195,5017-,1,95,1013.04,37.481
30273,24-24,19300,,5751196,5017-,1,34,332.03,14.257
30274,24-24,19300,,5751197,5017-,1,3,11.41,0.614
30397,24-24,31012,,5751392,5017-,2,2,68.16,1.892
30393,24-24,31011,GRO,5751386,5018-,241,287,4781.2,212.654
30394,24-24,31011,GRO,5751387,5018-,141,400,9192.73,255.653
30395,24-24,31011,GRO,5751388,5018-,12,12,96.54,4.862
30396,24-24,31011,GRO,5751389,5018-,4,4,74.98,2.676
30393,24-24,31011,,5751386,5018-,1,61,773.64,37.909
30394,24-24,31011,,5751387,5018-,1,23,288.16,14.312
30395,24-24,31011,,5751388,5018-,1,2,8.36,0.598
30396,24-24,31011,,5751389,5018-,1,1,7.23,0.341
30166,24-24,18541,GRO,5751029,5019-,255,320,4253.45,206.086
30167,24-24,18541,GRO,5751030,5019-,218,289,3859.23,157.187
30168,24-24,18541,GRO,5751031,5019-,8,8,37.23,1.85
30169,24-24,18541,GRO,5751032,5019-,1,1,14.25,3.244
30175,24-24,18578,GRO,5751041,5019-,294,348,6255.23,231.019
30176,24-24,18578,GRO,5751042,5019-,44,63,614.41,52.386
30177,24-24,18578,GRO,5751043,5019-,10,10,49.33,2.793
30178,24-24,18578,GRO,5751044,5019-,1,1,13,1.597
30265,24-24,19172,GRO,5751185,5019-,267,373,7286.66,234.363
30266,24-24,19172,GRO,5751186,5019-,38,47,702.04,48.164
30267,24-24,19172,GRO,5751187,5019-,2,2,25.47,1.102
30135,24-24,18483,,5750978,5019-,1,1,0.62,0.028
30166,24-24,18541,,5751029,5019-,4,168,1557.82,75.886
30167,24-24,18541,,5751030,5019-,4,147,1481.01,55.385
30168,24-24,18541,,5751031,5019-,4,7,31.3,1.572
30175,24-24,18578,,5751041,5019-,3,110,1242.11,47.492
30176,24-24,18578,,5751042,5019-,3,13,140.41,4.982
30177,24-24,18578,,5751043,5019-,3,4,18.7,0.828
30265,24-24,19172,,5751185,5019-,2,92,1030.1,39.402
30266,24-24,19172,,5751186,5019-,2,7,63.25,2.617
30267,24-24,19172,,5751187,5019-,2,2,10.18,0.749
30085,24-24,16262,GRO,5750889,5020-,256,346,6043.75,237.753
30086,24-24,16262,GRO,5750890,5020-,5,5,24.27,1.862
30091,24-24,16274,GRO,5750898,5020-,262,341,5986.04,236.619
30092,24-24,16274,GRO,5750899,5020-,2,10,125,14.125
30331,24-24,26235,GRO,5751297,5020-,211,297,5523.05,227.467
30332,24-24,26235,GRO,5751298,5020-,1,78,2215.2,56.238
30333,24-24,26235,GRO,5751299,5020-,13,14,76.72,2.96
30334,24-24,26242,GRO,5751301,5020-,231,314,6355.75,234.304
30335,24-24,26242,GRO,5751302,5020-,9,86,2284.42,59.416
30336,24-24,26242,GRO,5751303,5020-,12,12,70.2,4.617
30085,24-24,16262,,5750889,5020-,2,65,801.38,32.988
30086,24-24,16262,,5750890,5020-,2,4,14.7,0.829
30091,24-24,16274,,5750898,5020-,3,28,406.7,25.011
30331,24-24,26235,,5751297,5020-,1,26,449.74,14.819
30333,24-24,26235,,5751299,5020-,1,2,6.07,0.271
30334,24-24,26242,,5751301,5020-,4,58,891.27,26.928
30335,24-24,26242,,5751302,5020-,4,4,42.83,2.006
30072,24-24,16193,GRO,5750868,5021-,77,290,7392.76,215.167
30276,24-24,19304,GRO,5751201,5021-,169,217,4300.1,151.231
30277,24-24,19304,GRO,5751202,5021-,3,4,17.11,0.753
30278,24-24,19304,GRO,5751203,5021-,8,13,325.1,32.299
30451,24-24,31072,GRO,5751462,5021-,250,355,5596.58,257.322
30452,24-24,31072,GRO,5751463,5021-,108,146,3017.69,100.224
30453,24-24,31072,GRO,5751464,5021-,6,6,47.06,2.539
30466,24-24,31133,GRO,5751525,5021-,179,328,7222.73,269.892
30467,24-24,31133,GRO,5751526,5021-,29,78,2866.48,87.851
30468,24-24,31133,GRO,5751527,5021-,5,5,22.41,0.971
30072,24-24,16193,,5750868,5021-,1,13,270.19,15.083
30276,24-24,19304,,5751201,5021-,5,112,1195.58,49.513
30277,24-24,19304,,5751202,5021-,5,2,10.13,0.534
30278,24-24,19304,,5751203,5021-,5,1,9.2,6.02
30451,24-24,31072,,5751462,5021-,2,43,640.46,24.374
30452,24-24,31072,,5751463,5021-,2,21,270.58,8.714
30453,24-24,31072,,5751464,5021-,2,4,12.22,0.604
30454,24-24,31072,,5751465,5021-,2,1,7.23,0.341
30466,24-24,31133,,5751525,5021-,3,21,213.49,12.469
30467,24-24,31133,,5751526,5021-,3,1,5.68,0.573
30604,24-24,63892,,5751711,5021-,4,3,1.84,0.084
30303,24-24,25955,GRO,5751254,5022-,105,122,2224.51,88.915
30304,24-24,25955,GRO,5751255,5022-,1,1,3.57,0.101
30303,24-24,25955,,5751254,5022-,1,3,37.86,2.271
30294,24-24,25531,GRO,5751242,5023-,92,182,1903.1,70.239
30337,24-24,26244,GRO,5751306,5023-,223,289,4399.06,244.709
30338,24-24,26244,GRO,5751307,5023-,108,157,2246.1,93.066
30339,24-24,26244,GRO,5751308,5023-,10,13,91.22,5.101
30365,24-24,26452,GRO,5751346,5023-,313,363,4974.73,243.688
30366,24-24,26452,GRO,5751347,5023-,222,312,5909.58,231.826
30367,24-24,26452,GRO,5751348,5023-,61,99,2207.83,86.601
30368,24-24,26452,GRO,5751349,5023-,10,10,59.92,3.153
30369,24-24,26452,GRO,5751350,5023-,1,1,5.3,0.216
30294,24-24,25531,,5751242,5023-,1,136,1226.61,81.4
30337,24-24,26244,,5751306,5023-,2,47,478.23,34.985
30338,24-24,26244,,5751307,5023-,2,26,275.77,12.601
30365,24-24,26452,,5751346,5023-,3,77,882,30.76
30366,24-24,26452,,5751347,5023-,3,48,591.05,30.868
30367,24-24,26452,,5751348,5023-,3,4,32.23,3.302
30368,24-24,26452,,5751349,5023-,3,2,7.46,0.366
30129,24-24,18356,GRO,5750964,5024-,189,227,3791.48,161.825
30130,24-24,18356,GRO,5750965,5024-,14,40,297.28,177.635
30154,24-24,18537,GRO,5751010,5024-,304,371,4787.1,225.008
30155,24-24,18537,GRO,5751011,5024-,144,166,2089.74,91.362
30156,24-24,18537,GRO,5751012,5024-,17,17,67.4,3.894
30629,24-24,19042,GRO,5751141,5024-,276,349,7187.81,265.791
30630,24-24,19042,GRO,5751142,5024-,27,202,5208.24,136.401
30648,24-24,19042,GRO,5751143,5024-,1,1,36,1.077
30284,24-24,19366,GRO,5751214,5024-,201,325,6572.74,213.516
30285,24-24,19366,GRO,5751215,5024-,3,3,30.42,1.597
30286,24-24,19366,GRO,5751216,5024-,1,2,80,3.48
30129,24-24,18356,,5750964,5024-,1,58,1881.63,73.973
30154,24-24,18537,,5751010,5024-,3,129,1117.02,57.467
30155,24-24,18537,,5751011,5024-,3,66,701.96,27.119
30156,24-24,18537,,5751012,5024-,3,9,45.12,1.951
30629,24-24,19042,,5751141,5024-,2,24,383.01,15.965
30630,24-24,19042,,5751142,5024-,2,11,81.43,16.791
30284,24-24,19366,,5751214,5024-,4,76,900.61,32.185
30285,24-24,19366,,5751215,5024-,4,1,6.18,0.286
30287,24-24,19366,,5751218,5024-,4,8,5.49,0.296
30620,24-24,18430,GRO,5750974,5025-,1,1,55.21,7.419
30643,24-24,18430,GRO,5750975,5025-,134,157,2473.45,96.013
30261,24-24,19167,GRO,5751179,5025-,185,324,7217.43,219.335
30262,24-24,19167,GRO,5751180,5025-,101,146,2138.87,110.528
30263,24-24,19167,GRO,5751181,5025-,24,30,244.13,9.53
30264,24-24,19167,GRO,5751182,5025-,3,4,43.64,9.934
30653,24-24,19472,GRO,5751238,5025-,92,151,3511.36,115.233
30643,24-24,18430,,5750975,5025-,2,31,345.12,13.11
30261,24-24,19167,,5751179,5025-,1,48,1640.28,62.061
30262,24-24,19167,,5751180,5025-,1,26,298.9,17.085
30263,24-24,19167,,5751181,5025-,1,5,25.75,1.362
30264,24-24,19167,,5751182,5025-,1,3,29.8,6.958
30653,24-24,19472,,5751238,5025-,3,23,271.31,17.561
30636,24-24,17027,GRO,5750950,5026-,61,69,1179.83,48.419
30637,24-24,17027,GRO,5750948,5026-,3,3,42.76,1.445
30640,24-24,17027,GRO,5750951,5026-,6,7,57.25,2.46
30641,24-24,17027,GRO,5750949,5026-,77,124,2095.34,108.002
30258,24-24,19128,GRO,5751173,5026-,177,294,5926.97,202.935
30259,24-24,19128,GRO,5751174,5026-,1,1,2.45,0.194
30260,24-24,19128,GRO,5751175,5026-,8,11,164.6,31.403
30296,24-24,25814,GRO,5751246,5026-,2,11,786.4,30.093
30479,24-24,31140,GRO,5751545,5026-,93,338,8649.34,262.997
30480,24-24,31140,GRO,5751546,5026-,64,133,4227.01,135.388
30636,24-24,17027,,5750950,5026-,4,17,161.82,7.716
30640,24-24,17027,,5750951,5026-,4,3,34.81,1.044
30641,24-24,17027,,5750949,5026-,4,33,364.74,12.664
30258,24-24,19128,,5751173,5026-,1,49,738.57,27.04
30259,24-24,19128,,5751174,5026-,1,2,10.13,0.534
30296,24-24,25814,,5751246,5026-,3,4,165.28,43.692
30297,24-24,25814,,5751247,5026-,3,1,24,3.443
30479,24-24,31140,,5751545,5026-,2,40,621.59,19.26
30480,24-24,31140,,5751546,5026-,2,15,1910.03,70.539
30238,24-24,19079,GRO,5751145,5027-,217,268,6375.71,231.782
30239,24-24,19079,GRO,5751146,5027-,61,142,3336,98.757
30240,24-24,19079,GRO,5751147,5027-,6,6,46.76,1.895
30241,24-24,19079,GRO,5751148,5027-,3,6,88.52,18.524
30382,24-24,26533,GRO,5751369,5027-,9,11,91.06,11.393
30383,24-24,26533,GRO,5751370,5027-,1,390,10959,281.19
30384,24-24,26533,GRO,5751371,5027-,186,292,4990.86,247.516
30385,24-24,26533,GRO,5751372,5027-,24,45,653.25,38.676
30238,24-24,19079,,5751145,5027-,1,99,1198.18,49.044
30239,24-24,19079,,5751146,5027-,1,27,300.97,11.291
30382,24-24,26533,,5751369,5027-,2,4,37.4,1.645
30384,24-24,26533,,5751371,5027-,2,67,891.59,35.476
30385,24-24,26533,,5751372,5027-,2,6,26.98,6.493
30624,24-24,18848,GRO,5751118,5028-,244,329,7079.95,236.055
30625,24-24,18848,GRO,5751119,5028-,44,216,5515.82,153.591
30626,24-24,18848,GRO,5751121,5028-,2,2,29.3,1.979
30638,24-24,18848,GRO,5751120,5028-,4,4,47.5,5.659
30627,24-24,19003,GRO,5751136,5028-,2,3,104.72,4.076
30628,24-24,19003,GRO,5751137,5028-,130,212,4296.41,137.586
30639,24-24,19003,GRO,5751138,5028-,1,1,10.05,0.222
30647,24-24,19003,GRO,5751139,5028-,2,2,10.76,7.783
30623,24-24,18848,,5751117,5028-,1,1,47.9,5.624
30624,24-24,18848,,5751118,5028-,1,95,1203.19,45.206
30625,24-24,18848,,5751119,5028-,1,19,137.81,4.993
30628,24-24,19003,,5751137,5028-,2,55,523.99,20.361
30412,24-24,31040,GRO,5751411,5029-,142,269,3469.27,253.081
30413,24-24,31040,GRO,5751412,5029-,120,323,8160.18,251.088
30414,24-24,31040,GRO,5751413,5029-,22,49,874.41,33.108
30415,24-24,31040,GRO,5751414,5029-,1,624,17721.6,449.904
30416,24-24,31040,GRO,5751415,5029-,199,239,4272.09,182.264
30417,24-24,31040,GRO,5751416,5029-,6,21,913.01,24.497
30418,24-24,31040,GRO,5751417,5029-,12,12,100.75,4.261
30412,24-24,31040,,5751411,5029-,1,42,490.19,26.73
30413,24-24,31040,,5751412,5029-,1,55,674.07,25.625
30414,24-24,31040,,5751413,5029-,1,8,111.13,4.888
30416,24-24,31040,,5751415,5029-,1,68,2499.05,98.229
30418,24-24,31040,,5751417,5029-,1,7,36.05,1.949
30103,24-24,16330,GRO,5750916,5030-,58,167,1269.58,62.235
30104,24-24,16330,GRO,5750917,5030-,11,27,143.36,7.97
30548,24-24,31214,GRO,5751653,5030-,122,155,2711.53,125.81
30549,24-24,31214,GRO,5751654,5030-,4,4,15.52,0.54
30099,24-24,16304,,5750911,5030-,3,20,348.8,49.74
30103,24-24,16330,,5750916,5030-,2,45,639.32,24.728
30104,24-24,16330,,5750917,5030-,2,6,26.28,1.332
30548,24-24,31214,,5751653,5030-,1,25,349.59,15.317
30061,24-24,16161,GRO,5750851,5031-,135,179,3328.48,107.546
30062,24-24,16161,GRO,5750852,5031-,1,1,15.1,0.527
30342,24-24,26302,GRO,5751315,5031-,1,1,14.43,0.678
30343,24-24,26303,GRO,5751316,5031-,272,335,6510.78,231.907
30344,24-24,26303,GRO,5751317,5031-,13,90,2367.32,68.176
30345,24-24,26303,GRO,5751318,5031-,14,14,63.31,3.33
30346,24-24,26322,GRO,5751321,5031-,302,345,4940.98,238.472
30347,24-24,26322,GRO,5751322,5031-,8,8,86.06,4.024
30348,24-24,26322,GRO,5751323,5031-,9,9,46.57,3.972
30442,24-24,31065,GRO,5751450,5031-,370,414,5325.23,240.727
30443,24-24,31065,GRO,5751451,5031-,222,399,7001.93,252.837
30444,24-24,31065,GRO,5751452,5031-,83,96,1100.83,43.1
30445,24-24,31065,GRO,5751453,5031-,28,33,207.71,8.282
30446,24-24,31065,GRO,5751454,5031-,1,1,3.76,0.163
30061,24-24,16161,,5750851,5031-,3,76,854.3,38.706
30343,24-24,26303,,5751316,5031-,4,74,930.26,42.552
30344,24-24,26303,,5751317,5031-,4,2,46.08,1.086
30345,24-24,26303,,5751318,5031-,4,2,8.11,0.456
30346,24-24,26322,,5751321,5031-,1,88,987.41,41.03
30347,24-24,26322,,5751322,5031-,1,4,24.52,0.737
30442,24-24,31065,,5751450,5031-,2,80,1003.95,38.778
30443,24-24,31065,,5751451,5031-,2,56,685.59,28.814
30444,24-24,31065,,5751452,5031-,2,9,137.6,5.229
30445,24-24,31065,,5751453,5031-,2,10,59.28,3.427
30246,24-24,19081,GRO,5751157,5032-,168,237,4466.49,207.957
30247,24-24,19081,GRO,5751158,5032-,97,302,8272.91,270.693
30248,24-24,19081,GRO,5751159,5032-,37,207,5438.74,180.125
30249,24-24,19081,GRO,5751160,5032-,42,393,10603.92,277.398
30250,24-24,19081,GRO,5751161,5032-,141,219,5390.85,165.27
30251,24-24,19081,GRO,5751162,5032-,4,4,42.94,2.075
30252,24-24,19081,GRO,5751163,5032-,8,29,483.54,88.497
30246,24-24,19081,,5751157,5032-,1,46,1152.02,36.841
30247,24-24,19081,,5751158,5032-,1,14,226.32,11.091
30248,24-24,19081,,5751159,5032-,1,19,243.55,7.89
30249,24-24,19081,,5751160,5032-,1,4,89.12,2.304
30250,24-24,19081,,5751161,5032-,1,23,263.88,11.47
30251,24-24,19081,,5751162,5032-,1,2,20.55,2.599
30253,24-24,19083,GRO,5751167,5033-,265,360,5857,234.734
30254,24-24,19083,GRO,5751168,5033-,113,322,8237.63,251.751
30255,24-24,19083,GRO,5751169,5033-,23,186,5078.67,131.797
30256,24-24,19083,GRO,5751170,5033-,8,8,48.19,2.226
30257,24-24,19083,GRO,5751171,5033-,1,5,85,7.18
30253,24-24,19083,,5751167,5033-,1,88,1298.04,46.535
30254,24-24,19083,,5751168,5033-,1,21,329.38,9.85
30255,24-24,19083,,5751169,5033-,1,10,204.1,6.981
30256,24-24,19083,,5751170,5033-,1,2,10.86,0.596
30096,24-24,16294,GRO,5750906,5034-,142,173,2383.84,139.011
30097,24-24,16294,GRO,5750907,5034-,2,2,8.39,0.381
30098,24-24,16294,GRO,5750908,5034-,1,1,8,1.389
30109,24-24,16346,GRO,5750925,5034-,59,168,2653.04,130.877
30309,24-24,26066,GRO,5751263,5034-,192,301,6836.11,240.138
30310,24-24,26066,GRO,5751264,5034-,75,281,6742.49,193.716
30311,24-24,26066,GRO,5751265,5034-,1,1,3.65,0.043
30545,24-24,31213,GRO,5751649,5034-,261,303,5523.39,204.498
30546,24-24,31213,GRO,5751650,5034-,6,83,2279.4,58.719
30547,24-24,31213,GRO,5751651,5034-,3,3,36.67,2.249
30096,24-24,16294,,5750906,5034-,4,37,575.91,26.626
30109,24-24,16346,,5750925,5034-,2,38,312.8,14.553
30309,24-24,26066,,5751263,5034-,1,48,1348.71,38.052
30310,24-24,26066,,5751264,5034-,1,11,104.68,5.596
30545,24-24,31213,,5751649,5034-,3,52,523.45,25.877
30546,24-24,31213,,5751650,5034-,3,1,11.14,0.387
30547,24-24,31213,,5751651,5034-,3,2,12.63,0.857
30080,24-24,16255,GRO,5750881,5035-,142,305,6727.74,223.289
30081,24-24,16255,GRO,5750882,5035-,48,169,3121.21,97.363
30082,24-24,16255,GRO,5750883,5035-,2,2,15.1,0.538
30083,24-24,16256,GRO,5750886,5035-,120,267,6835.54,200.854
30084,24-24,16256,GRO,5750887,5035-,1,1,7.7,0.33
30093,24-24,16277,GRO,5750901,5035-,63,137,2928.99,99.017
30094,24-24,16277,GRO,5750902,5035-,22,36,245.5,10.677
30370,24-24,26472,GRO,5751352,5035-,204,248,5020.34,214.919
30550,24-24,31215,GRO,5751657,5035-,77,161,3841.99,126.455
30080,24-24,16255,,5750881,5035-,4,75,1375.71,59.007
30081,24-24,16255,,5750882,5035-,4,2,78.61,1.753
30083,24-24,16256,,5750886,5035-,5,10,223.62,5.557
30093,24-24,16277,,5750901,5035-,3,16,142.22,14.575
30094,24-24,16277,,5750902,5035-,3,9,35.08,1.872
30095,24-24,16277,,5750903,5035-,3,1,11.46,0.338
30370,24-24,26472,,5751352,5035-,1,18,324.56,12.108
30550,24-24,31215,,5751657,5035-,2,2,27.26,0.766
30406,24-24,31039,GRO,5751404,5036-,218,260,4824.99,195.406
30407,24-24,31039,GRO,5751405,5036-,194,297,3977.3,244.286
30408,24-24,31039,GRO,5751406,5036-,40,60,1290.41,44.768
30409,24-24,31039,GRO,5751407,5036-,1,780,21918,562.38
30410,24-24,31039,GRO,5751408,5036-,83,94,1142.19,47.719
30411,24-24,31039,GRO,5751409,5036-,6,6,44.92,1.637
30406,24-24,31039,,5751404,5036-,1,55,2285.07,86.23
30407,24-24,31039,,5751405,5036-,1,62,686.18,35.951
30408,24-24,31039,,5751406,5036-,1,32,441.42,15.758
30410,24-24,31039,,5751408,5036-,1,10,86.2,5.71
30411,24-24,31039,,5751409,5036-,1,2,7.8,0.442
30457,24-24,31113,GRO,5751512,5037-,225,308,5020.79,259.583
30458,24-24,31113,GRO,5751513,5037-,90,150,3177.04,112.517
30487,24-24,31153,GRO,5751557,5037-,252,335,5618.92,265.04
30488,24-24,31153,GRO,5751558,5037-,82,147,3414.83,124.609
30489,24-24,31153,GRO,5751559,5037-,14,15,112.48,6.305
30490,24-24,31153,GRO,5751560,5037-,1,3,6.9,0.591
30491,24-24,31164,GRO,5751563,5037-,203,283,5014.24,226.346
30492,24-24,31164,GRO,5751564,5037-,165,372,8968.7,264.551
30493,24-24,31164,GRO,5751565,5037-,7,7,33.05,1.334
30494,24-24,31164,GRO,5751566,5037-,2,2,26.48,0.718
30457,24-24,31113,,5751512,5037-,3,35,455.68,21.946
30458,24-24,31113,,5751513,5037-,3,8,132.85,4.276
30487,24-24,31153,,5751557,5037-,1,28,482.88,16.334
30488,24-24,31153,,5751558,5037-,1,16,205.56,5.934
30489,24-24,31153,,5751559,5037-,1,4,20.5,1.29
30491,24-24,31164,,5751563,5037-,2,27,315.74,18.003
30492,24-24,31164,,5751564,5037-,2,16,177.62,9.158
30651,24-24,19448,GRO,5751229,5038-,203,355,5792.55,189.141
30495,24-24,31176,GRO,5751569,5038-,58,108,2388.43,77.401
30496,24-24,31176,GRO,5751570,5038-,1,1,6.24,0.23
30537,24-24,31200,GRO,5751634,5038-,155,186,3574,135.104
30538,24-24,31200,GRO,5751635,5038-,3,3,11.88,0.637
30651,24-24,19448,,5751229,5038-,1,69,694.95,17.103
30495,24-24,31176,,5751569,5038-,2,24,331.81,17.904
30496,24-24,31176,,5751570,5038-,2,1,4.68,0.31
30497,24-24,31176,,5751572,5038-,2,6,3.3,0.184
30537,24-24,31200,,5751634,5038-,3,38,409.74,19.28
30538,24-24,31200,,5751635,5038-,3,5,21.99,1.33
30059,24-24,16157,GRO,5750848,5039-,18,305,9829.76,276.216
30060,24-24,16157,GRO,5750849,5039-,19,280,5930.46,283.628
30295,24-24,25639,GRO,5751245,5039-,2,2,10.26,0.603
30323,24-24,26225,GRO,5751283,5039-,206,295,5438.96,250.953
30324,24-24,26225,GRO,5751284,5039-,203,339,7101.42,221.763
30325,24-24,26225,GRO,5751285,5039-,10,10,48.9,2.518
30326,24-24,26225,GRO,5751286,5039-,1,1,18,1.556
30327,24-24,26231,GRO,5751290,5039-,232,353,5823.14,248.664
30323,24-24,26225,,5751283,5039-,3,38,850.42,27.746
30324,24-24,26225,,5751284,5039-,3,7,76.31,3.632
30327,24-24,26231,,5751290,5039-,4,21,462.73,14.492
30110,24-24,16347,GRO,5750927,5040-,186,352,7762.95,258.251
30111,24-24,16347,GRO,5750928,5040-,6,6,46.37,2.68
30112,24-24,16348,GRO,5750931,5040-,356,455,8530.25,273.529
30113,24-24,16348,GRO,5750932,5040-,65,103,2583.52,79.97
30114,24-24,16348,GRO,5750933,5040-,21,22,107.93,5.72
30115,24-24,16348,GRO,5750934,5040-,1,1,1.2,0.195
30386,24-24,26539,GRO,5751374,5040-,325,351,4351.65,206.688
30387,24-24,26539,GRO,5751375,5040-,7,7,35.17,1.978
30388,24-24,26539,GRO,5751376,5040-,1,1,5.86,0.295
30539,24-24,31208,GRO,5751638,5040-,82,146,3443.84,114.247
30543,24-24,31211,GRO,5751645,5040-,165,208,3594.66,133.7
30544,24-24,31211,GRO,5751646,5040-,8,8,56.87,2.354
30110,24-24,16347,,5750927,5040-,2,30,375.77,13.5
30111,24-24,16347,,5750928,5040-,2,2,9.35,0.468
30112,24-24,16348,,5750931,5040-,4,16,192.51,9.583
30386,24-24,26539,,5751374,5040-,1,52,745.05,34.106
30387,24-24,26539,,5751375,5040-,1,1,4.4,0.274
30539,24-24,31208,,5751638,5040-,5,16,187.22,7.677
30543,24-24,31211,,5751645,5040-,3,28,442.01,16.955
30544,24-24,31211,,5751646,5040-,3,1,3.95,0.248
30090,24-24,16270,GRO,5750896,5041-,110,173,1544.16,75.171
30306,24-24,26035,GRO,5751260,5041-,165,325,8010.77,253.377
30307,24-24,26035,GRO,5751261,5041-,44,68,1772.28,50.94
30352,24-24,26342,GRO,5751330,5041-,180,389,7476.6,251.323
30353,24-24,26342,GRO,5751331,5041-,113,331,4662.22,267.613
30354,24-24,26342,GRO,5751332,5041-,9,33,479.74,28.483
30355,24-24,26342,GRO,5751333,5041-,6,6,40.24,2.111
30090,24-24,16270,,5750896,5041-,3,142,1228.12,53.528
30306,24-24,26035,,5751260,5041-,1,33,868.21,21.3
30308,24-24,26035,,5751262,5041-,1,1,11.46,0.338
30352,24-24,26342,,5751330,5041-,2,42,422.41,15.316
30353,24-24,26342,,5751331,5041-,2,29,281.05,10.904
30355,24-24,26342,,5751333,5041-,2,2,10.14,0.462
30501,24-24,31181,GRO,5751578,5042-,243,331,5938.94,256.977
30502,24-24,31181,GRO,5751579,5042-,4,4,75.24,2.331
30503,24-24,31181,GRO,5751580,5042-,10,10,58.68,3.239
30504,24-24,31183,GRO,5751583,5042-,149,161,2571.7,126.731
30505,24-24,31183,GRO,5751584,5042-,2,2,11.91,0.649
30508,24-24,31185,GRO,5751589,5042-,98,119,2060.49,79.7
30509,24-24,31185,GRO,5751590,5042-,5,5,18.94,0.846
30510,24-24,31186,GRO,5751592,5042-,112,131,2509.57,99.32
30511,24-24,31186,GRO,5751593,5042-,1,1,18.41,1.306
30512,24-24,31187,GRO,5751595,5042-,151,168,2581.37,124.048
30513,24-24,31187,GRO,5751596,5042-,4,4,19.32,1.145
30514,24-24,31188,GRO,5751598,5042-,166,228,4604.82,177.228
30515,24-24,31188,GRO,5751599,5042-,2,2,8.06,0.391
30516,24-24,31188,GRO,5751600,5042-,2,2,4.6,0.394
30533,24-24,31196,GRO,5751628,5042-,242,280,4453.16,200.172
30534,24-24,31196,GRO,5751629,5042-,7,7,31.46,1.683
30501,24-24,31181,,5751578,5042-,1,43,507.27,24.561
30503,24-24,31181,,5751580,5042-,1,6,26.26,1.521
30504,24-24,31183,,5751583,5042-,2,49,753.58,27.216
30505,24-24,31183,,5751584,5042-,2,1,4.68,0.31
30508,24-24,31185,,5751589,5042-,5,17,185.88,10.147
30509,24-24,31185,,5751590,5042-,5,2,12.65,0.658
30510,24-24,31186,,5751592,5042-,4,31,407.19,16.166
30511,24-24,31186,,5751593,5042-,4,2,9.45,0.687
30512,24-24,31187,,5751595,5042-,3,52,746.63,27.422
30513,24-24,31187,,5751596,5042-,3,4,16.15,0.98
30514,24-24,31188,,5751598,5042-,6,25,307.39,15.804
30515,24-24,31188,,5751599,5042-,6,3,13.01,0.63
30533,24-24,31196,,5751628,5042-,7,42,477.57,23.621
30534,24-24,31196,,5751629,5042-,7,4,19.53,1.217
30318,24-24,26190,GRO,5751275,5043-,171,348,5820.97,260.631
30319,24-24,26190,GRO,5751276,5043-,44,78,1592.39,41.136
30320,24-24,26190,GRO,5751277,5043-,5,5,40.99,1.498
30455,24-24,31081,GRO,5751468,5043-,108,172,3482.54,165.141
30456,24-24,31081,GRO,5751469,5043-,4,5,41.15,2.23
30459,24-24,31116,GRO,5751515,5043-,227,268,3449.41,188.5
30460,24-24,31116,GRO,5751516,5043-,226,383,7351.26,245.821
30461,24-24,31116,GRO,5751517,5043-,17,22,406.51,20.494
30463,24-24,31126,GRO,5751520,5043-,259,366,5847.37,244.242
30464,24-24,31126,GRO,5751521,5043-,14,19,646.04,17.734
30465,24-24,31126,GRO,5751522,5043-,2,2,10.52,0.677
30318,24-24,26190,,5751275,5043-,4,40,506.34,20.142
30319,24-24,26190,,5751276,5043-,4,9,202.21,6.816
30455,24-24,31081,,5751468,5043-,3,12,90.92,5.41
30459,24-24,31116,,5751515,5043-,1,74,722.84,33.683
30460,24-24,31116,,5751516,5043-,1,95,845.15,35.723
30461,24-24,31116,,5751517,5043-,1,6,35.86,2.185
30462,24-24,31116,,5751518,5043-,1,1,15.83,0.446
30463,24-24,31126,,5751520,5043-,2,83,881.12,37.857
30464,24-24,31126,,5751521,5043-,2,2,20.75,1.454
30465,24-24,31126,,5751522,5043-,2,1,6.47,0.372
30619,24-24,3051,GRO,5750842,5044-,1,20,140,8.46
30161,24-24,18539,GRO,5751022,5044-,229,283,3443.15,218.152
30162,24-24,18539,GRO,5751023,5044-,226,353,6310.92,224.024
30163,24-24,18539,GRO,5751024,5044-,39,43,535.19,24.308
30164,24-24,18539,GRO,5751025,5044-,16,16,90.98,4.642
30165,24-24,18539,GRO,5751026,5044-,6,12,152.24,40.729
30212,24-24,18612,GRO,5751092,5044-,179,290,6384.2,196.085
30213,24-24,18612,GRO,5751093,5044-,278,319,6149.11,218.499
30214,24-24,18612,GRO,5751094,5044-,9,9,43.13,2.787
30215,24-24,18612,GRO,5751095,5044-,5,7,80.85,10.534
30161,24-24,18539,,5751022,5044-,1,107,1297.15,63.352
30162,24-24,18539,,5751023,5044-,1,188,1560.49,59.287
30163,24-24,18539,,5751024,5044-,1,12,93.67,4.582
30164,24-24,18539,,5751025,5044-,1,5,23.92,1.223
30212,24-24,18612,,5751092,5044-,2,70,2326.16,85.569
30213,24-24,18612,,5751093,5044-,2,80,784.73,32.84
30214,24-24,18612,,5751094,5044-,2,5,25.63,1.376
30215,24-24,18612,,5751095,5044-,2,2,25.95,8.321
30371,24-24,26498,GRO,5751354,5045-,293,429,7397.02,249.518
30372,24-24,26498,GRO,5751355,5045-,211,364,6797.81,247.107
30373,24-24,26498,GRO,5751356,5045-,45,235,5873.32,159.173
30374,24-24,26498,GRO,5751357,5045-,9,9,66.49,3.536
30447,24-24,31068,GRO,5751457,5045-,168,289,5625.24,210.014
30448,24-24,31068,GRO,5751458,5045-,84,372,9892.32,267.18
30449,24-24,31068,GRO,5751459,5045-,90,145,3651.51,115.57
30450,24-24,31068,GRO,5751460,5045-,4,4,14.64,0.576
30371,24-24,26498,,5751354,5045-,1,67,845.89,32.986
30372,24-24,26498,,5751355,5045-,1,39,420.15,24.187
30373,24-24,26498,,5751356,5045-,1,7,97.53,3.512
30374,24-24,26498,,5751357,5045-,1,2,7.91,0.419
30447,24-24,31068,,5751457,5045-,2,44,530.2,24.428
30448,24-24,31068,,5751458,5045-,2,40,271.23,13.135
30449,24-24,31068,,5751459,5045-,2,22,247.19,10.445
30450,24-24,31068,,5751460,5045-,2,5,29.86,1.785
30116,24-24,16357,GRO,5750936,5046-,138,391,8334.88,249.233
30117,24-24,16357,GRO,5750937,5046-,80,264,6071.96,240.556
30118,24-24,16357,GRO,5750938,5046-,48,163,2262.68,155.599
30119,24-24,16357,GRO,5750939,5046-,10,10,57.94,3.016
30300,24-24,25920,GRO,5751250,5046-,144,356,5882.53,225.735
30301,24-24,25920,GRO,5751251,5046-,110,205,3700.97,137.456
30302,24-24,25920,GRO,5751252,5046-,29,160,634.26,29.996
30380,24-24,26506,GRO,5751366,5046-,223,288,5974.01,189.415
30381,24-24,26506,GRO,5751367,5046-,11,11,55.76,2.394
30116,24-24,16357,,5750936,5046-,2,60,685.28,28.809
30117,24-24,16357,,5750937,5046-,2,38,337.64,37.363
30118,24-24,16357,,5750938,5046-,2,19,146.72,8.448
30119,24-24,16357,,5750939,5046-,2,8,38.2,1.981
30300,24-24,25920,,5751250,5046-,3,107,1020.33,55.503
30301,24-24,25920,,5751251,5046-,3,60,517.67,32.575
30302,24-24,25920,,5751252,5046-,3,46,158.82,7.724
30380,24-24,26506,,5751366,5046-,1,34,464.89,18.578
30381,24-24,26506,,5751367,5046-,1,6,23.92,1.167
30498,24-24,31179,GRO,5751573,5047-,81,119,2488.05,99.041
30499,24-24,31179,GRO,5751574,5047-,3,3,14.93,0.712
30498,24-24,31179,,5751573,5047-,1,25,251.84,13.088
30499,24-24,31179,,5751574,5047-,1,2,7.14,0.423
30500,24-24,31179,,5751577,5047-,1,3,2,0.111
30150,24-24,18536,GRO,5751003,5048-,225,321,4408.41,211.6
30151,24-24,18536,GRO,5751004,5048-,265,389,4938.17,193.825
30152,24-24,18536,GRO,5751005,5048-,11,12,70.73,3.773
30153,24-24,18536,GRO,5751006,5048-,1,2,10.76,7.91
30157,24-24,18538,GRO,5751015,5048-,180,282,5283.98,182.951
30158,24-24,18538,GRO,5751016,5048-,123,207,4351.31,150.69
30159,24-24,18538,GRO,5751017,5048-,11,11,52.82,2.476
30160,24-24,18538,GRO,5751018,5048-,10,15,252.69,51.546
30231,24-24,18861,GRO,5751123,5048-,228,314,4285.2,226.307
30232,24-24,18861,GRO,5751124,5048-,204,350,7184.58,236.517
30233,24-24,18861,GRO,5751125,5048-,27,41,627.46,26.219
30234,24-24,18861,GRO,5751126,5048-,12,12,54.58,3.128
30150,24-24,18536,,5751003,5048-,1,145,1648.65,70.033
30151,24-24,18536,,5751004,5048-,1,247,2008.76,82.201
30152,24-24,18536,,5751005,5048-,1,4,23.58,1.524
30157,24-24,18538,,5751015,5048-,3,103,1121.61,50.018
30158,24-24,18538,,5751016,5048-,3,79,952.35,37.52
30159,24-24,18538,,5751017,5048-,3,6,30.72,1.293
30231,24-24,18861,,5751123,5048-,2,108,1271.45,54.499
30232,24-24,18861,,5751124,5048-,2,145,1154.6,46.512
30233,24-24,18861,,5751125,5048-,2,12,81.36,3.168
30234,24-24,18861,,5751126,5048-,2,5,23.4,1.076
30298,24-24,25864,GRO,5751248,5049-,8,141,3865.5,204.933
30299,24-24,25864,GRO,5751249,5049-,1,1,48.52,3.517
30389,24-24,26540,GRO,5751379,5049-,227,311,4890.1,248.072
30390,24-24,26540,GRO,5751380,5049-,97,104,1716,63.563
30391,24-24,26540,GRO,5751381,5049-,7,7,37.22,2.269
30475,24-24,31139,GRO,5751540,5049-,71,396,10388.02,272.306
30476,24-24,31139,GRO,5751541,5049-,221,333,6706.36,254.75
30477,24-24,31139,GRO,5751542,5049-,5,26,1315.04,34.659
30478,24-24,31139,GRO,5751543,5049-,1,1,15.88,0.453
30298,24-24,25864,,5751248,5049-,3,10,828.65,45.43
30389,24-24,26540,,5751379,5049-,2,67,803.15,33.902
30390,24-24,26540,,5751380,5049-,2,20,268.11,12.548
30475,24-24,31139,,5751540,5049-,1,18,166.21,8.156
30476,24-24,31139,,5751541,5049-,1,40,375.67,18.247
30506,24-24,31184,GRO,5751586,5050-,163,211,4046.15,157.521
30507,24-24,31184,GRO,5751587,5050-,6,6,32.31,1.457
30517,24-24,31189,GRO,5751603,5050-,111,140,3133.73,126.135
30518,24-24,31189,GRO,5751604,5050-,4,5,19.66,1.004
30523,24-24,31191,GRO,5751611,5050-,241,293,5448.22,207.257
30524,24-24,31191,GRO,5751612,5050-,10,10,74.78,3.051
30525,24-24,31192,GRO,5751613,5050-,103,141,3083.41,112.882
30526,24-24,31192,GRO,5751614,5050-,3,3,10.38,0.876
30527,24-24,31193,GRO,5751617,5050-,109,146,2815.18,111.928
30528,24-24,31193,GRO,5751618,5050-,2,2,8.43,0.314
30529,24-24,31194,GRO,5751620,5050-,149,182,3317.49,155.497
30531,24-24,31195,GRO,5751624,5050-,228,302,5501.5,223.101
30532,24-24,31195,GRO,5751625,5050-,7,7,28.02,1.211
30506,24-24,31184,,5751586,5050-,5,41,503.11,19.971
30507,24-24,31184,,5751587,5050-,5,3,15.92,1.059
30517,24-24,31189,,5751603,5050-,6,19,196.32,11.41
30518,24-24,31189,,5751604,5050-,6,2,10.42,0.62
30519,24-24,31189,,5751605,5050-,6,5,3.15,0.26
30523,24-24,31191,,5751611,5050-,3,38,586.95,26.311
30524,24-24,31191,,5751612,5050-,3,1,4.68,0.31
30525,24-24,31192,,5751613,5050-,4,38,555.59,22.597
30526,24-24,31192,,5751614,5050-,4,1,2.88,0.096
30527,24-24,31193,,5751617,5050-,2,22,352.86,14
30528,24-24,31193,,5751618,5050-,2,5,23.06,1.482
30529,24-24,31194,,5751620,5050-,7,32,487.77,19.603
30530,24-24,31194,,5751621,5050-,7,2,10.42,0.62
30531,24-24,31195,,5751624,5050-,1,38,568.17,23.384
30532,24-24,31195,,5751625,5050-,1,7,32.17,1.915
30520,24-24,31190,GRO,5751606,5051-,176,281,5578.78,228.535
30521,24-24,31190,GRO,5751607,5051-,132,237,5227.1,179.5
30522,24-24,31190,GRO,5751608,5051-,14,15,89.27,4.648
30520,24-24,31190,,5751606,5051-,1,56,667.94,33.057
30521,24-24,31190,,5751607,5051-,1,34,373.87,16.634
30522,24-24,31190,,5751608,5051-,1,2,11.68,0.725
30486,24-24,31150,GRO,5751556,5052-,152,274,5425.79,252.308
30535,24-24,31198,GRO,5751632,5052-,167,220,4801.3,183.424
30536,24-24,31198,GRO,5751633,5052-,6,6,30.64,1.454
30486,24-24,31150,,5751556,5052-,1,30,228.26,15.146
30535,24-24,31198,,5751632,5052-,2,47,440.48,21.367
30536,24-24,31198,,5751633,5052-,2,4,19.45,1.17
30131,24-24,18415,GRO,5750969,5053-,153,343,6129.78,230.494
30132,24-24,18415,GRO,5750970,5053-,6,8,34.44,1.608
30133,24-24,18415,GRO,5750971,5053-,3,5,109.16,13.708
30146,24-24,18501,GRO,5750991,5053-,182,346,6706.31,250.984
30147,24-24,18501,GRO,5750992,5053-,32,39,449.93,14.737
30148,24-24,18501,GRO,5750993,5053-,8,8,36.42,1.619
30149,24-24,18501,GRO,5750994,5053-,5,13,117.35,69.702
30172,24-24,18549,GRO,5751038,5053-,106,224,5392.77,219.855
30173,24-24,18549,GRO,5751039,5053-,1,1,5.74,0.417
30174,24-24,18549,GRO,5751040,5053-,1,1,61.2,4.004
30635,24-24,19464,GRO,5751236,5053-,274,380,6676.12,251.89
30131,24-24,18415,,5750969,5053-,3,28,443.01,20.354
30132,24-24,18415,,5750970,5053-,3,9,46.2,1.834
30146,24-24,18501,,5750991,5053-,4,22,830.13,30.359
30147,24-24,18501,,5750992,5053-,4,4,36.39,1.334
30148,24-24,18501,,5750993,5053-,4,1,2.88,0.096
30172,24-24,18549,,5751038,5053-,1,22,296.93,13.451
30173,24-24,18549,,5751039,5053-,1,1,3.95,0.248
30634,24-24,19464,,5751235,5053-,2,7,341.4,14.653
30635,24-24,19464,,5751236,5053-,2,62,633.7,24.136
30079,24-24,16244,GRO,5750878,5054-,115,302,8141.24,249.699
30312,24-24,26139,GRO,5751267,5054-,164,301,5808,220.956
30313,24-24,26139,GRO,5751268,5054-,230,345,7049.52,226.913
30314,24-24,26139,GRO,5751269,5054-,20,282,6855.74,179.448
30315,24-24,26139,GRO,5751270,5054-,14,171,5204.32,148.241
30316,24-24,26139,GRO,5751271,5054-,9,11,52.9,2.062
30317,24-24,26139,GRO,5751272,5054-,1,1,5.86,0.295
30321,24-24,26199,GRO,5751280,5054-,183,250,6030.05,197.043
30322,24-24,26199,GRO,5751281,5054-,7,84,2254.59,58.886
30079,24-24,16244,,5750878,5054-,3,34,295.8,18.388
30312,24-24,26139,,5751267,5054-,1,54,1112.72,37.103
30313,24-24,26139,,5751268,5054-,1,44,609.28,22.666
30314,24-24,26139,,5751269,5054-,1,3,31.41,0.804
30315,24-24,26139,,5751270,5054-,1,6,96.17,2.48
30316,24-24,26139,,5751271,5054-,1,1,3.4,0.145
30321,24-24,26199,,5751280,5054-,2,48,807.46,37.862
30322,24-24,26199,,5751281,5054-,2,2,46.07,1.118
30349,24-24,26340,GRO,5751325,5055-,179,353,7217.13,277.177
30350,24-24,26340,GRO,5751326,5055-,181,245,5244.8,232.582
30351,24-24,26340,GRO,5751327,5055-,8,8,81.37,4.13
30375,24-24,26505,GRO,5751359,5055-,159,248,5401.4,179.179
30376,24-24,26505,GRO,5751360,5055-,120,319,8675.28,272.938
30377,24-24,26505,GRO,5751361,5055-,40,227,5394.57,146.477
30378,24-24,26505,GRO,5751362,5055-,3,3,14.64,0.783
30379,24-24,26505,GRO,5751363,5055-,1,1,5.86,0.295
30349,24-24,26340,,5751325,5055-,1,14,117.86,5.88
30350,24-24,26340,,5751326,5055-,1,27,455.87,15.446
30375,24-24,26505,,5751359,5055-,2,68,652.63,41.691
30376,24-24,26505,,5751360,5055-,2,17,398.12,10.561
30377,24-24,26505,,5751361,5055-,2,21,143.97,8.42
30378,24-24,26505,,5751362,5055-,2,1,24,3.443
30067,24-24,16173,GRO,5750860,5056-,161,248,6414.49,197.126
30068,24-24,16173,GRO,5750861,5056-,11,119,3088.9,80.579
30069,24-24,16173,GRO,5750862,5056-,2,2,58.38,2.396
30073,24-24,16194,GRO,5750870,5056-,148,245,5742.58,178.531
30100,24-24,16325,GRO,5750912,5056-,193,272,5908.92,206.005
30101,24-24,16325,GRO,5750913,5056-,3,22,585.46,15.081
30067,24-24,16173,,5750860,5056-,2,32,555.76,19.372
30068,24-24,16173,,5750861,5056-,2,3,53.21,1.638
30073,24-24,16194,,5750870,5056-,3,17,445.36,14.031
30100,24-24,16325,,5750912,5056-,1,96,1873.85,66.772
30101,24-24,16325,,5750913,5056-,1,1,11.44,0.249
30102,24-24,16325,,5750914,5056-,1,2,100,2.39
30087,24-24,16263,GRO,5750893,5057-,20,412,8426.17,255.627
30088,24-24,16263,GRO,5750894,5057-,11,355,6217.59,187.364
30089,24-24,16263,GRO,5750895,5057-,1,3,17.58,0.885
30107,24-24,16344,GRO,5750922,5057-,110,281,8515.88,225.685
30108,24-24,16344,GRO,5750923,5057-,1,1,5.86,0.295
30087,24-24,16263,,5750893,5057-,2,70,746.7,17.43
30088,24-24,16263,,5750894,5057-,2,220,2843.35,79.375
30107,24-24,16344,,5750922,5057-,1,12,251.85,6.917
30419,24-24,31042,GRO,5751420,5058-,235,324,7279.02,252.516
30423,24-24,31051,GRO,5751426,5058-,207,370,8584.03,265.272
30424,24-24,31051,GRO,5751427,5058-,172,294,5707.38,267.051
30425,24-24,31051,GRO,5751428,5058-,144,221,4569.15,159.743
30426,24-24,31051,GRO,5751429,5058-,1,390,11076,281.19
30427,24-24,31051,GRO,5751430,5058-,47,86,1515.33,50.846
30428,24-24,31051,GRO,5751431,5058-,3,3,11.48,0.724
30429,24-24,31051,GRO,5751432,5058-,1,4,62.48,1.604
30419,24-24,31042,,5751420,5058-,2,35,431.69,20.573
30423,24-24,31051,,5751426,5058-,1,24,337.48,15.892
30424,24-24,31051,,5751427,5058-,1,26,352.66,14.728
30425,24-24,31051,,5751428,5058-,1,18,197.29,12.557
30427,24-24,31051,,5751430,5058-,1,5,40.81,3.988
30077,24-24,16243,GRO,5750875,5059-,142,286,7512.97,229.371
30420,24-24,31050,GRO,5751422,5059-,310,417,5740.85,217.745
30421,24-24,31050,GRO,5751423,5059-,132,168,1640.62,128.153
30422,24-24,31050,GRO,5751424,5059-,1,3,46.86,1.203
30077,24-24,16243,,5750875,5059-,2,46,766.72,32.394
30078,24-24,16243,,5750876,5059-,2,1,24,3.443
30420,24-24,31050,,5751422,5059-,1,159,1683.15,64.222
30421,24-24,31050,,5751423,5059-,1,85,974.88,41.574
30220,24-24,18653,GRO,5751102,5060-,198,216,3486.72,126.283
30221,24-24,18653,GRO,5751103,5060-,1,468,13291.2,337.428
30222,24-24,18653,GRO,5751104,5060-,1,468,13291.2,337.428
30223,24-24,18653,GRO,5751105,5060-,102,174,3075.65,128.178
30224,24-24,18653,GRO,5751106,5060-,3,3,12.62,0.628
30268,24-24,19176,GRO,5751189,5060-,120,141,2677.02,96.428
30269,24-24,19176,GRO,5751190,5060-,4,4,31.1,2.086
30632,24-24,19446,GRO,5751226,5060-,2,2,29.95,2.151
30650,24-24,19446,GRO,5751227,5060-,80,93,1678.68,59.519
30220,24-24,18653,,5751102,5060-,3,80,990.53,35.676
30223,24-24,18653,,5751105,5060-,3,41,410.26,16.265
30224,24-24,18653,,5751106,5060-,3,5,22.36,1.435
30225,24-24,18653,,5751109,5060-,3,12,8.02,0.336
30268,24-24,19176,,5751189,5060-,2,51,1044.68,43.296
30269,24-24,19176,,5751190,5060-,2,5,24.06,1.381
30650,24-24,19446,,5751227,5060-,1,20,186.07,8.287
30063,24-24,16167,GRO,5750854,5061-,178,254,4201.89,245.599
30064,24-24,16167,GRO,5750855,5061-,119,193,4234.89,153.513
30065,24-24,16167,GRO,5750856,5061-,9,308,8611.28,218.882
30066,24-24,16167,GRO,5750857,5061-,5,5,73.36,2.784
30063,24-24,16167,,5750854,5061-,1,43,832.14,35.201
30064,24-24,16167,,5750855,5061-,1,15,146.79,6.841
30065,24-24,16167,,5750856,5061-,1,3,29.13,0.715
30105,24-24,16334,GRO,5750919,5062-,213,326,6908.23,231.085
30106,24-24,16334,GRO,5750920,5062-,10,253,6876.82,194.827
30469,24-24,31137,GRO,5751530,5062-,182,230,4133.43,152.776
30470,24-24,31137,GRO,5751531,5062-,124,294,7044.65,197.61
30471,24-24,31137,GRO,5751532,5062-,11,12,43.1,2.192
30472,24-24,31138,GRO,5751535,5062-,247,346,7599.03,256.293
30473,24-24,31138,GRO,5751536,5062-,59,214,5310.61,152.407
30474,24-24,31138,GRO,5751537,5062-,10,10,44.41,2.228
30105,24-24,16334,,5750919,5062-,2,22,344.57,12.889
30469,24-24,31137,,5751530,5062-,3,49,593.11,23.418
30470,24-24,31137,,5751531,5062-,3,18,243.11,7.838
30472,24-24,31138,,5751535,5062-,1,55,474.45,25.543
30473,24-24,31138,,5751536,5062-,1,14,150.76,6.147
30474,24-24,31138,,5751537,5062-,1,1,4.58,0.27
30179,24-24,18580,GRO,5751047,5063-,76,128,2530.16,91.401
30180,24-24,18580,GRO,5751048,5063-,1,780,22152,562.38
30181,24-24,18580,GRO,5751049,5063-,50,77,1591.51,61.823
30182,24-24,18580,GRO,5751050,5063-,3,3,20.38,1.135
30288,24-24,19367,GRO,5751219,5063-,349,392,6320.47,235.165
30289,24-24,19367,GRO,5751220,5063-,41,43,538.47,21.273
30290,24-24,19367,GRO,5751221,5063-,7,7,34.51,2.1
30291,24-24,19367,GRO,5751222,5063-,1,1,2.38,2.39
30649,24-24,19421,GRO,5751224,5063-,15,15,172.02,6.532
30618,24-24,820,,5750840,5063-,1,2,1.24,0.056
30179,24-24,18580,,5751047,5063-,3,22,144.3,9.63
30181,24-24,18580,,5751049,5063-,3,10,140.05,4.898
30182,24-24,18580,,5751050,5063-,3,1,3.25,0.201
30288,24-24,19367,,5751219,5063-,2,114,1117.03,47.301
30289,24-24,19367,,5751220,5063-,2,12,101.82,5.763
30290,24-24,19367,,5751221,5063-,2,5,23.8,1.127
30430,24-24,31052,GRO,5751435,5064-,231,387,7612.72,256.567
30431,24-24,31052,GRO,5751436,5064-,169,290,4995.67,244.425
30432,24-24,31052,GRO,5751437,5064-,71,204,4888.24,146.967
30433,24-24,31052,GRO,5751438,5064-,95,178,4067.93,132.165
30434,24-24,31052,GRO,5751439,5064-,2,2,11.99,0.616
30430,24-24,31052,,5751435,5064-,1,65,663.55,23.666
30431,24-24,31052,,5751436,5064-,1,51,434.38,23.629
30432,24-24,31052,,5751437,5064-,1,19,3636.79,132.629
30433,24-24,31052,,5751438,5064-,1,16,163.01,8.037
30434,24-24,31052,,5751439,5064-,1,1,6.16,0.485
30142,24-24,18485,GRO,5750986,5065-,156,195,3351.39,137.858
30143,24-24,18485,GRO,5750987,5065-,84,377,9513.23,269.044
30144,24-24,18485,GRO,5750988,5065-,38,84,1596.58,52.844
30145,24-24,18485,GRO,5750989,5065-,5,8,23.11,1.205
30216,24-24,18613,GRO,5751097,5065-,188,354,7218.04,231.216
30217,24-24,18613,GRO,5751098,5065-,7,10,137.35,7.096
30218,24-24,18613,GRO,5751099,5065-,4,4,17.17,1.069
30219,24-24,18613,GRO,5751100,5065-,4,9,300.62,28.121
30646,24-24,18876,GRO,5751129,5065-,94,127,2338.93,94.949
30633,24-24,19459,GRO,5751231,5065-,156,194,4389.86,140.813
30652,24-24,19459,GRO,5751232,5065-,2,10,349.28,7.072
30142,24-24,18485,,5750986,5065-,4,31,514.79,16.509
30143,24-24,18485,,5750987,5065-,4,20,304,11.678
30144,24-24,18485,,5750988,5065-,4,3,52.8,1.905
30145,24-24,18485,,5750989,5065-,4,1,3.22,0.134
30216,24-24,18613,,5751097,5065-,1,118,1368.08,50.191
30217,24-24,18613,,5751098,5065-,1,5,85.88,2.281
30218,24-24,18613,,5751099,5065-,1,5,22.99,1.422
30219,24-24,18613,,5751100,5065-,1,1,11.65,1.655
30646,24-24,18876,,5751129,5065-,2,27,220.85,13.555
30633,24-24,19459,,5751231,5065-,3,10,178.42,7.643
30481,24-24,31144,GRO,5751549,5066-,1,1,16.44,0.529
30482,24-24,31144,GRO,5751550,5066-,257,338,5692.04,246.416
30483,24-24,31144,GRO,5751551,5066-,213,263,4418.84,198.731
30484,24-24,31144,GRO,5751552,5066-,64,190,4444.12,129.548
30485,24-24,31144,GRO,5751553,5066-,14,15,71.61,4.775
30540,24-24,31210,GRO,5751641,5066-,204,274,4582.26,205.446
30541,24-24,31210,GRO,5751642,5066-,153,273,6708.9,207.83
30542,24-24,31210,GRO,5751643,5066-,7,7,36.86,1.986
30482,24-24,31144,,5751550,5066-,1,69,726.01,34.466
30483,24-24,31144,,5751551,5066-,1,63,688.67,32.369
30484,24-24,31144,,5751552,5066-,1,27,325.74,15.942
30485,24-24,31144,,5751553,5066-,1,5,23.07,1.538
30540,24-24,31210,,5751641,5066-,2,55,659.75,31.643
30541,24-24,31210,,5751642,5066-,2,28,271.58,17.698
30188,24-24,18593,GRO,5751059,5067-,47,188,4192.71,210.417
30189,24-24,18593,GRO,5751060,5067-,222,291,4281.01,193.435
30191,24-24,18593,GRO,5751062,5067-,1,624,17721.6,449.904
30192,24-24,18593,GRO,5751063,5067-,117,199,4032.14,174.352
30193,24-24,18593,GRO,5751064,5067-,10,10,87.98,9.452
30194,24-24,18593,GRO,5751065,5067-,9,66,2834.87,113.906
30204,24-24,18595,GRO,5751079,5067-,13,17,261.67,10.518
30205,24-24,18595,GRO,5751080,5067-,12,22,235.15,9.263
30206,24-24,18595,GRO,5751081,5067-,9,22,860.29,54.03
30188,24-24,18593,,5751059,5067-,2,56,1373.74,70.343
30189,24-24,18593,,5751060,5067-,2,152,1498.52,52.876
30192,24-24,18593,,5751063,5067-,2,93,1020.38,46.068
30193,24-24,18593,,5751064,5067-,2,10,38.8,2
30204,24-24,18595,,5751079,5067-,1,4,48.19,1.996
30205,24-24,18595,,5751080,5067-,1,13,59.06,3.091
30206,24-24,18595,,5751081,5067-,1,1,9.2,6.02
30199,24-24,18595,GRO,5751074,5068-,142,189,3684.1,152.854
30200,24-24,18595,GRO,5751075,5068-,157,312,6769.88,258.169
30201,24-24,18595,GRO,5751076,5068-,190,374,7121.77,246.514
30202,24-24,18595,GRO,5751077,5068-,41,92,883.28,69.332
30203,24-24,18595,GRO,5751078,5068-,1,780,22152,562.38
30199,24-24,18595,,5751074,5068-,1,73,3095.91,116.687
30200,24-24,18595,,5751075,5068-,1,87,643.21,22.212
30201,24-24,18595,,5751076,5068-,1,89,992.29,34.624
30202,24-24,18595,,5751077,5068-,1,29,329.4,12.166
30207,24-24,18595,,5751085,5068-,1,2,1.25,0.056
30183,24-24,18592,GRO,5751052,5069-,17,154,4878.69,176.114
30184,24-24,18592,GRO,5751053,5069-,247,346,6141.61,227.043
30185,24-24,18592,GRO,5751054,5069-,216,386,8293.96,243.344
30186,24-24,18592,GRO,5751055,5069-,6,6,135.19,3.209
30187,24-24,18592,GRO,5751056,5069-,20,31,441.8,83.084
30190,24-24,18593,GRO,5751061,5069-,1,702,19936.8,506.142
30183,24-24,18592,,5751052,5069-,1,11,2254.65,87.431
30184,24-24,18592,,5751053,5069-,1,120,1366.84,55.518
30185,24-24,18592,,5751054,5069-,1,88,837.02,37.624
30186,24-24,18592,,5751055,5069-,1,4,45.26,3.048
30187,24-24,18592,,5751056,5069-,1,1,18.8,0.831
30136,24-24,18484,GRO,5750979,5070-,136,297,3851.36,220.244
30137,24-24,18484,GRO,5750980,5070-,298,383,5048.23,224.912
30138,24-24,18484,GRO,5750981,5070-,116,364,8582.7,242.065
30139,24-24,18484,GRO,5750982,5070-,201,283,5255.85,167.111
30140,24-24,18484,GRO,5750983,5070-,12,12,76.44,4.093
30141,24-24,18484,GRO,5750984,5070-,1,2,15.48,11.28
30226,24-24,18713,GRO,5751110,5070-,258,293,5347.72,188.738
30227,24-24,18713,GRO,5751111,5070-,144,297,6201.18,201.654
30228,24-24,18713,GRO,5751112,5070-,3,3,17.69,1.187
30136,24-24,18484,,5750979,5070-,1,105,1059.35,61.601
30137,24-24,18484,,5750980,5070-,1,144,1689.21,57.979
30138,24-24,18484,,5750981,5070-,1,83,895.4,29.48
30139,24-24,18484,,5750982,5070-,1,120,1006.11,35.913
30140,24-24,18484,,5750983,5070-,1,12,57.86,2.839
30141,24-24,18484,,5750984,5070-,1,1,9.2,6.02
30226,24-24,18713,,5751110,5070-,2,77,1043.01,39.014
30227,24-24,18713,,5751111,5070-,2,41,533.47,20.323
30228,24-24,18713,,5751112,5070-,2,10,48.57,2.486
30124,24-24,18315,GRO,5750955,5071-,139,165,2576.86,120.865
30125,24-24,18315,GRO,5750956,5071-,6,6,39.25,1.836
30126,24-24,18315,GRO,5750957,5071-,10,11,164.78,31.04
30127,24-24,18343,GRO,5750961,5071-,27,29,577.79,25.966
30128,24-24,18343,GRO,5750962,5071-,3,13,103.85,60.571
30124,24-24,18315,,5750955,5071-,1,132,1151.19,49.302
30125,24-24,18315,,5750956,5071-,1,11,54.52,2.733
30126,24-24,18315,,5750957,5071-,1,5,35.75,2.056
30127,24-24,18343,,5750961,5071-,2,2,16.8,0.444
30120,24-24,16359,GRO,5750942,5072-,179,338,7826.93,261.997
30121,24-24,16359,GRO,5750943,5072-,67,82,1452.06,60.656
30122,24-24,16359,GRO,5750944,5072-,16,16,154.54,7.663
30123,24-24,16359,GRO,5750945,5072-,1,1,18,1.556
30120,24-24,16359,,5750942,5072-,1,42,658.98,19.659
30121,24-24,16359,,5750943,5072-,1,10,143.15,5.449
30122,24-24,16359,,5750944,5072-,1,4,20.41,0.728
